ID,SITE1_GENE,SITE2_GENE,SV_STATUS,EVENT_INFO
TCGA-AB-2908,IFNGR2,GART,SOMATIC,IFNGR2(+)GART(+) fusion (Unknown frame)
TCGA-AB-2803,PML,RARA,SOMATIC,PML(+)RARA(+) fusion (In-frame)
TCGA-AB-2806,CDK11B,SLC35E2,SOMATIC,CDC2L1(-)SLC35E2(-) fusion (Out-of-frame)
TCGA-AB-2806,RUNX1,RUNX1T1,SOMATIC,RUNX1(+)RUNX1T1(+) fusion (Unknown frame)
TCGA-AB-2814,GAS6,FAM70B,SOMATIC,GAS6(-)FAM70B(+) fusion (Out-of-frame)
TCGA-AB-2815,MYH11,CBFB,SOMATIC,MYH11(+)CBFB(+) fusion (Unknown frame)
TCGA-AB-2817,BCR,ABL1,SOMATIC,BCR(+)ABL1(+) fusion (In-frame)
TCGA-AB-2819,RUNX1,RUNX1T1,SOMATIC,RUNX1(+)RUNX1T1(+) fusion (Unknown)
TCGA-AB-2820,GOSR1,ZNF207,SOMATIC,GOSR1(-)ZNF207(-) fusion (In-frame)
TCGA-AB-2823,PML,RARA,SOMATIC,PML(-)RARA(-) fusion (Unknown frame)
TCGA-AB-2828,MYH11,CBFB,SOMATIC,MYH11(-)CBFB(-) fusion (Unknown)
TCGA-AB-2828,TFG,GPR128,SOMATIC,TFG(+)GPR128(+) fusion (In-frame)
TCGA-AB-2832,KIAA0999,CFAP68,SOMATIC,KIAA0999(+)C11orf1(+) fusion (In-frame)
TCGA-AB-2832,MLLT10,PPP2R1B,SOMATIC,MLLT10(+)PPP2R1B(+) fusion (In-frame)
TCGA-AB-2832,PPP2R1B,KIAA0999,SOMATIC,PPP2R1B(-)KIAA0999(+) fusion (Out-of-frame)
TCGA-AB-2834,MLL,ELL,SOMATIC,MLL(+)ELL(+) fusion (Unknown frame)
TCGA-AB-2838,AF086125,USP22,SOMATIC,AF086125(+)USP22(+) fusion (Out-of-frame)
TCGA-AB-2838,CA7,USP22,SOMATIC,CA7(+)USP22(-) fusion (Unknown)
TCGA-AB-2840,ACAD10,MAPKAPK5,SOMATIC,ACAD10(-)MAPKAPK5(-) fusion (Out-of-frame)
TCGA-AB-2840,GAS6,FAM70B,SOMATIC,GAS6(+)FAM70B(-) fusion (Out-of-frame)
TCGA-AB-2840,PML,RARA,SOMATIC,PML(+)RARA(+) fusion (Out-of-frame)
TCGA-AB-2841,PML,RARA,SOMATIC,PML(+)RARA(+) fusion (Unknown frame)
TCGA-AB-2842,MLLT10,MLL,SOMATIC,MLLT10(+)MLL(+) fusion (In-frame)
TCGA-AB-2844,MLL,ELL,SOMATIC,MLL(-)ELL(-) fusion (In-frame)
TCGA-AB-2846,MYH11,CBFB,SOMATIC,MYH11(+)CBFB(+) fusion (Unknown frame)
TCGA-AB-2848,NCOR2,SCARB1,SOMATIC,NCOR2(-)SCARB1(-) fusion (Unknown frame)
TCGA-AB-2849,MLLT10,PICALM,SOMATIC,MLLT10(+)PICALM(+) fusion (Unknown frame)
TCGA-AB-2854,RUNX1,ADAMTS19,SOMATIC,RUNX1(+)ADAMTS19(-) fusion (Out-of-frame)
TCGA-AB-2854,RUNX1,PRRC1,SOMATIC,RUNX1(+)PRRC1(+) fusion (Out-of-frame)
TCGA-AB-2855,GAS6,FAM70B,SOMATIC,GAS6(+)FAM70B(-) fusion (Unknown)
TCGA-AB-2855,MLLT10,PICALM,SOMATIC,MLLT10(-)PICALM(-) fusion (In-frame)
TCGA-AB-2855,PICALM,MLLT10,SOMATIC,PICALM(+)MLLT10(+) fusion (In-frame)
TCGA-AB-2856,NSD1,NUP98,SOMATIC,NSD1(+)NUP98(+) fusion (In-frame)
TCGA-AB-2857,DDX20,TBX15,SOMATIC,DDX20(+)TBX15(-) fusion (In-frame)
TCGA-AB-2857,WDR18,H2AFX,SOMATIC,WDR18(-)H2AFX(-) fusion (In-frame)
TCGA-AB-2857,ZNF585B,C2CD2L,SOMATIC,ZNF585B(-)C2CD2L(+) fusion (In-frame)
TCGA-AB-2858,CRTC2,CREB3L4,SOMATIC,CRTC2(+)CREB3L4(-) fusion (Unknown frame)
TCGA-AB-2858,RUNX1,RUNX1T1,SOMATIC,RUNX1(+)RUNX1T1(+) fusion (In-frame)
TCGA-AB-2860,USP25,TRAPPC10,SOMATIC,USP25(+)TRAPPC10(-) fusion (Unknown)
TCGA-AB-2862,PML,RARA,SOMATIC,PML(-)RARA(-) fusion (In-frame)
TCGA-AB-2868,NEK1,CLCN3,SOMATIC,NEK1(-)CLCN3(+) fusion (Unknown)
TCGA-AB-2868,NR6A1,OBP2B,SOMATIC,NR6A1(+)OBP2B(-) fusion (Unknown)
TCGA-AB-2868,ZNF483,GAPVD1,SOMATIC,ZNF483(-)GAPVD1(+) fusion (Unknown)
TCGA-AB-2870,MYH11,CBFB,SOMATIC,MYH11(-)CBFB(-) fusion (Out-of-frame)
TCGA-AB-2870,TBC1D16,KIAA1618,SOMATIC,TBC1D16(-)KIAA1618(+) fusion (Out-of-frame)
TCGA-AB-2872,PML,RARA,SOMATIC,PML(+)RARA(+) fusion (In-frame)
TCGA-AB-2875,RUNX1,RUNX1T1,SOMATIC,RUNX1(+)RUNX1T1(+) fusion (In-frame)
TCGA-AB-2876,CYRIB,FAM49B,SOMATIC,CR593328(-)FAM49B(+) fusion (Out-of-frame)
TCGA-AB-2876,PVT1,ASAP1,SOMATIC,PVT1(+)ASAP1(+) fusion (Out-of-frame)
TCGA-AB-2877,TFG,GPR128,SOMATIC,TFG(+)GPR128(+) fusion (In-frame)
TCGA-AB-2881,MYH11,CBFB,SOMATIC,MYH11(-)CBFB(-) fusion (In-frame)
TCGA-AB-2883,KMT2A,MLLT4,SOMATIC,MLL(+)MLLT4(+) fusion (In-frame)
TCGA-AB-2885,KSR2,SETMAR,SOMATIC,KSR2(-)SETMAR(+) fusion (Unknown frame)
TCGA-AB-2886,RUNX1,RUNX1T1,SOMATIC,RUNX1(+)RUNX1T1(+) fusion (In-frame)
TCGA-AB-2888,MYH11,CBFB,SOMATIC,MYH11(+)CBFB(+) fusion (Unknown frame)
TCGA-AB-2892,MYH11,CBFB,SOMATIC,MYH11(+)CBFB(+) fusion (In-frame)
TCGA-AB-2893,KMT2A,MLLT4,SOMATIC,MLL(+)MLLT4(+) fusion (In-frame)
TCGA-AB-2894,KMT2A,MLLT3,SOMATIC,MLL(+)MLLT3(+) fusion (In-frame)
TCGA-AB-2897,PML,RARA,SOMATIC,PML(+)RARA(+) fusion (In-frame)
TCGA-AB-2901,BCR,ABL1,SOMATIC,BCR(+)ABL1(+) fusion (Unknown frame)
TCGA-AB-2901,SEC63,FIG4,SOMATIC,SEC63(+)FIG4(+) fusion (Out-of-frame)
TCGA-AB-2904,MDM4,DNMT3B,SOMATIC,MDM4(+)DNMT3B(+) fusion (Unknown)
TCGA-AB-2910,CREBBP,MYST3,SOMATIC,CREBBP(+)MYST3(+) fusion (Unknown frame)
TCGA-AB-2911,MLL,ELL,SOMATIC,MLL(+)ELL(+) fusion (In-frame)
TCGA-AB-2912,RPS11,FLT3LG,SOMATIC,RPS11(+)FLT3LG(+) fusion (In-frame)
TCGA-AB-2914,FOXP1,PPP1R2,SOMATIC,FOXP1(+)PPP1R2(-) fusion (Out-of-frame)
TCGA-AB-2914,MYH11,CBFB,SOMATIC,MYH11(-)CBFB(-) fusion (In-frame)
TCGA-AB-2915,DPM1,GRID1,SOMATIC,DPM1(+)GRID1(+) fusion (In-frame)
TCGA-AB-2915,RUNX1,EVI1,SOMATIC,RUNX1(+)EVI1(+) fusion (Unknown frame)
TCGA-AB-2918,NSD1,STIM1,SOMATIC,NSD1(-)STIM1(+) fusion (Out-of-frame)
TCGA-AB-2918,TFG,GPR128,SOMATIC,TFG(+)GPR128(+) fusion (Unknown frame)
TCGA-AB-2920,C12orf59,XIAP,SOMATIC,C12orf59(-)XIAP(+) fusion (Unknown frame)
TCGA-AB-2920,CHST11,ATP1B4,SOMATIC,CHST11(-)ATP1B4(-) fusion (In-frame)
TCGA-AB-2920,CHST11,FAM70A,SOMATIC,CHST11(-)FAM70A(+) fusion (Unknown frame)
TCGA-AB-2920,KPNB1,ACE,SOMATIC,KPNB1(+)ACE(+) fusion (In-frame)
TCGA-AB-2920,KSR1,ODZ1,SOMATIC,KSR1(-)ODZ1(-) fusion (In-frame)
TCGA-AB-2920,PTPN2,UBLCP1,SOMATIC,PTPN2(+)UBLCP1(+) fusion (Unknown frame)
TCGA-AB-2920,WSB1,NBR1,SOMATIC,WSB1(+)NBR1(+) fusion (In-frame)
TCGA-AB-2920,XIAP,OLR1,SOMATIC,XIAP(+)OLR1(+) fusion (In-frame)
TCGA-AB-2930,NSD1,NUP98,SOMATIC,NSD1(-)NUP98(-) fusion (In-frame)
TCGA-AB-2930,NUP98,NSD1,SOMATIC,NUP98(+)NSD1(+) fusion (In-frame)
TCGA-AB-2931,LTBP1,BIRC6,SOMATIC,LTBP1(+)BIRC6(+) fusion (In-frame)
TCGA-AB-2932,MLL3,ACTR3B,SOMATIC,MLL3(+)ACTR3B(-) fusion (Unknown frame)
TCGA-AB-2937,RUNX1,RUNX1T1,SOMATIC,RUNX1(+)RUNX1T1(+) fusion (In-frame)
TCGA-AB-2938,NVL,FMN2,SOMATIC,NVL(-)FMN2(+) fusion (Out-of-frame)
TCGA-AB-2938,POLR2A,FBN3,SOMATIC,POLR2A(-)FBN3(-) fusion (Unknown frame)
TCGA-AB-2938,TNK1,ZBTB7A,SOMATIC,TNK1(-)ZBTB7A(-) fusion (Out-of-frame)
TCGA-AB-2939,CDC73,FAM172A,SOMATIC,CDC73(+)FAM172A(+) fusion (Unknown frame)
TCGA-AB-2939,EDIL3,MKLN1,SOMATIC,EDIL3(-)MKLN1(-) fusion (Unknown frame)
TCGA-AB-2939,FRAP1,CHD1,SOMATIC,FRAP1(+)CHD1(+) fusion (Unknown frame)
TCGA-AB-2941,BCR,ABL1,SOMATIC,BCR(+)ABL1(+) fusion (Unknown frame)
TCGA-AB-2941,DOCK6,YJU2B,SOMATIC,DOCK6(-)CCDC130(+) fusion (Out-of-frame)
TCGA-AB-2942,MYH11,CBFB,SOMATIC,MYH11(+)CBFB(+) fusion (Out-of-frame)
TCGA-AB-2943,RSAD2,ELMOD3,SOMATIC,RSAD2(-)ELMOD3(+) fusion (Unknown frame)
TCGA-AB-2944,RPN1,EVI1,SOMATIC,RPN1(+)EVI1(+) fusion (Out-of-frame)
TCGA-AB-2950,RUNX1,RUNX1T1,SOMATIC,RUNX1(+)RUNX1T1(+) fusion (In-frame)
TCGA-AB-2952,NF1,LRRC37B,SOMATIC,NF1(+)LRRC37B(+) fusion (In-frame)
TCGA-AB-2954,MYH11,CBFB,SOMATIC,MYH11(+)CBFB(+) fusion (Unknown frame)
TCGA-AB-2955,UBR4,ZFP37,SOMATIC,UBR4(+)ZFP37(+) fusion (Out-of-frame)
TCGA-AB-2956,MLL,MLLT3,SOMATIC,MLL(-)MLLT3(-) fusion (Unknown frame)
TCGA-AB-2956,VTI1B,RDH11,SOMATIC,VTI1B(-)RDH11(-) fusion (Unknown frame)
TCGA-AB-2975,BCL11A,GRIP2,SOMATIC,BCL11A(-)GRIP2(-) fusion (Out-of-frame)
TCGA-AB-2979,LRBA,SH3D19,SOMATIC,LRBA(+)SH3D19(+) fusion (Out-of-frame)
TCGA-AB-2980,PML,RARA,SOMATIC,PML(+)RARA(+) fusion (Unknown frame)
TCGA-AB-2982,CUL1,DPP6,SOMATIC,CUL1(+)DPP6(-) fusion (Unknown frame)
TCGA-AB-2982,PML,RARA,SOMATIC,PML(-)RARA(-) fusion (Unknown frame)
TCGA-AB-2985,MLLT10,CEP164,SOMATIC,MLLT10(+)CEP164(-) fusion (Out-of-frame)
TCGA-AB-2985,MLLT10,MLL,SOMATIC,MLLT10(+)MLL(+) fusion (In-frame)
TCGA-AB-2991,PML,RARA,SOMATIC,PML(+)RARA(+) fusion (Unknown frame)
TCGA-AB-2994,PML,RARA,SOMATIC,PML(+)RARA(+) fusion (In-frame)
TCGA-AB-2998,PML,RARA,SOMATIC,PML(+)RARA(+) fusion (Unknown frame)
TCGA-AB-2999,PML,RARA,SOMATIC,PML(-)RARA(-) fusion (In-frame)
TCGA-AB-3001,PML,RARA,SOMATIC,PML(+)RARA(+) fusion (Unknown frame)
TCGA-AB-3005,MLLT10,MLL,SOMATIC,MLLT10(+)MLL(+) fusion (In-frame)
TCGA-AB-3007,PLAUR,EXOC3L2,SOMATIC,PLAUR(+)EXOC3L2(-) fusion (Unknown frame)
TCGA-AB-3007,PML,RARA,SOMATIC,PML(+)RARA(+) fusion (Unknown frame)
TCGA-AB-3012,PML,RARA,SOMATIC,PML(+)RARA(+) fusion (In-frame)
